Name,Price,Discount,Category
Vitron HTC5068US 50” Smart Android 4K UHD LED TV - Black,35910,30,Flash Sales
Amtec AM-01 2.1CH Multimedia Speaker BT/USB/SD/FM - Black,4740,30,Flash Sales
"Skyworth 50G3A, 50″ 4K UHD Frameless Smart Android TV – Black",43499,30,Flash Sales
"Nokia C32, 64GB + 4GB (Upto 7GB RAM) 5000MAh, Android 13, Black-Charcoal",16999,30,Flash Sales
VON Von VALS-75BWY Twin Tub Washing Machine - 7.5Kg,20995,30,Flash Sales
Fashion 3 PCS Women Bags Ladies Bags Handbags Purse Shoulder Bags Tote Bags Hobo Bags,1294,30,Flash Sales
Nexus 2 In 1 Sandwich Maker With Black Triangle Plate - Black & White,1025,30,Flash Sales
Pro6 Wireless TWS Bluetooth Headsets HIFI Stereo.,640,30,Flash Sales
Wireless Mouse 2.4G S1000 Plus-bright Black,329,30,Flash Sales
Fashion Men Bags Chest Bags Crossbody Bags Shoulder Bags Sling Satchel Messenger Bags USB,694,30,Flash Sales
LED 2.4G Rechargeable Wireless Mouse,540,30,Flash Sales
Hifinit MU64GK01 64GB USB Flash Disk Drives+Free Keyring,629,30,Flash Sales
128GB Pendrive USB Flash Drive High Speed,769,30,Flash Sales
AILYONS AFK-111 Water Dispenser Hot And Normal With Storage Cabinet,3599,30,Flash Sales
Fashion Men's Shoes Canvas Loafers Classic Men's Casual Loafers Slip-On Shoes,894,30,Flash Sales
Freeyond Smartwatch Sports IP68 Running FY Watch S1,2600,30,Flash Sales
AILYONS TYB-205 Blender 2In1 With GrinderMachine 1.5LBlack,1799,30,Flash Sales
Sonar C7 Hot And Normal Water Dispenser -blue And White,3699,30,Flash Sales
Remote Bluetooth Selfie Stick +Tripod Stand + Fill Light  Multiple Function,690,30,Flash Sales
Fashion 2 In 1 Men T-shirts Men Shorts Men Suits Pants,794,30,Flash Sales
Vintage T9 Dragon Rechargeable Metal Hair Clipper Gold,680,30,Flash Sales
Phone Vlog Video Kit With Height Adjustable Tripod,2715,30,Flash Sales
Stereo F9 Bluetooth Earphone  Power Headset,660,30,Flash Sales
Wireless Earphones Bluetooth 5.3 Finger Touch Headset HIFI Slide Cover.,770,30,Flash Sales
Fashion 2024 New Men's Outdoor Casual Trendy Sports Shoes - White,1579,30,Flash Sales
AILYONS FK-0301 Stainless Steel 1.8L Electric Kettle-Black,689,30,Flash Sales
Fashion Women Bags Ladies Bags Handbags Purse Shoulder Bags Crossbody Bags Female Bags,1449,30,Flash Sales
Fashion Elegant Ladies Necklace Set-Rose Gold,407,30,Flash Sales
Fashion Shoes Women Sandals Heels Chunky Heel Shoes,894,30,Flash Sales
Nunix R5 Hot & Normal Free Standing Water Dispenser - White,4294,30,Flash Sales
Fashion Men's Shoes Loafers Classic Men's Casual Shoes Beef Tendon Sole Canvas Loafers Slip-On Shoes,694,30,Flash Sales
AILYONS AFK-112 Water Dispenser Hot Cold And Normal With Storage Cabinet,6499,30,Flash Sales
Bluetooth Wireless Earphones Sound Headsets Noise Cancelling HD Binaural Call Earbuds MiNi,579,30,Flash Sales
Fashion Men Shoes Sneakers Sport Shoes Casual Shoes Outdoor Shoes Running Shoes,1154,30,Flash Sales
Fashion 3 PCS Women Bags Ladies Bags Handbags Purse Shoulder Bags Tote Bags Hobo Bags,1294,30,Flash Sales
Fashion Queen Letter Pendant Clavicle Necklace,239,30,Flash Sales
Fashion Men Shoes Sneakers Sport Shoes Casual Shoes Outdoor Shoes Running Shoes,1099,30,Flash Sales
VON Von VALW-10MFW Twin Tub Washing Machine - 10KG,28999,30,Flash Sales
Fashion 4 PCS Women Bags Ladies Bags Handbags Purse Shoulder Bags Tote Bags Hobo Bags,994,30,Flash Sales
Fashion Men's Simple T-Shirt Short Sleeve - Gray Blue,590,30,Flash Sales
Nunix R5 Hot & Normal Free Standing Water Dispenser - White,4294,3,Top Deals | Deals up to 40% Off
Nunix AF-5 Air Fryer Healthier Oil Free Fryer And Fries Maker,5994,3,Top Deals | Deals up to 40% Off
Premier Washing Machine Twin Tub 10kg Washer 6kg Dryer,27547,3,Top Deals | Deals up to 40% Off
Garnier Anti-Blemish Charcoal Serum With AHA + BHA & Niacinamide For Acne Prone Skin,1750,3,Top Deals | Deals up to 40% Off
Garnier Even & Matte Vitamin C Booster Serum 30ml.,1750,3,Top Deals | Deals up to 40% Off
Jikokoa Xtra - Black,3141,3,Top Deals | Deals up to 40% Off
"Vitron HTC4388FS - 43"" Smart  Android Frameless TV - Black",21520,3,Top Deals | Deals up to 40% Off
Hikers 32'' Digital Frameless HD LED TV-Black,10899,3,Top Deals | Deals up to 40% Off
"Vitron V527 - 2.1 CH Multimedia Speaker, BT/USB/SD/FM - 9000W",5599,3,Top Deals | Deals up to 40% Off
"Vitron HTC3200S 32"" Smart Frameless Android LED TV",13462,3,Top Deals | Deals up to 40% Off
Hikers 43'' Inch Frameless Android Smart FHD LED TV - Black,20999,3,Top Deals | Deals up to 40% Off
AILYONS ELP2404K 2.1CH SubWoofer Home Theatrer Multi Media Speaker System,2999,3,Top Deals | Deals up to 40% Off
AILYONS AFK-112 Water Dispenser Hot Cold And Normal With Storage Cabinet,6499,3,Top Deals | Deals up to 40% Off
"Skyworth 43E3A, 43"" Full HD Frameless Smart Android TV – Black",27499,3,Top Deals | Deals up to 40% Off
Fashion Slipon Shoes Loafers Shoes Canvas Shoes Casual Shoes Mens Sneaker Black,759,3,Top Deals | Deals up to 40% Off
Fashion 6Pcs Soft Cotton Brief Men's Boxers – Waist 29-35inc,789,3,Top Deals | Deals up to 40% Off
"Hisense 32"" Inch (32A4H) VIDAA OS LED Frameless Smart TV - Black",16799,3,Top Deals | Deals up to 40% Off
"TCL 43S5400 S Series, 43"" Full HD Smart TV - Black",31599,3,Top Deals | Deals up to 40% Off
Fashion 2024 Mens Casual High-Top Shoes Running Sneakers - Beige,1850,3,Top Deals | Deals up to 40% Off
HOMMY 3 Column Portable Wardrobe-Brown,2499,3,Top Deals | Deals up to 40% Off
"Vitron HTC3200S,32""Inch Frameless Smart Android TV NetflixYoutube+FREE TVGuard+Bracket",15599,3,Top Deals | Deals up to 40% Off
Fashion Shoes For Women Sneakers Ladies Shoes Sneakers,599,3,Top Deals | Deals up to 40% Off
"Roch RMW-20PX9-B (B) Microwave Oven, 700W, 20L - Black",7899,3,Top Deals | Deals up to 40% Off
"VON VADZ0002K, Portable Water Dispenser - Black",959,3,Top Deals | Deals up to 40% Off
"Multicolor Duvet Blanket, Sheet, 2 Pillow Cases",2999,3,Top Deals | Deals up to 40% Off
Fashion Couple Canvas Low Top Lace-up Shoes Classic Casual Sneakers Black,999,3,Top Deals | Deals up to 40% Off
Sonar C7 Hot And Normal Water Dispenser -blue And White,3699,3,Top Deals | Deals up to 40% Off
AILYONS ELP2403K 2.1CH SubWoofer Home Theatrer Multi Media Speaker System,2899,3,Top Deals | Deals up to 40% Off
Fashion Women Shoes Ladies Shoes For Women Shoe,629,3,Top Deals | Deals up to 40% Off
Fashion Men's Shoes Fashion Sneakers Casual Outdoor Easywear Trendy Shoes Running Sport Sneakers,1099,3,Top Deals | Deals up to 40% Off
"Vitron 4388-FS 43""inch FHD Frameless Smart/Android TV InbuiltDecoder/+TVGuard+Bracket",24440,3,Top Deals | Deals up to 40% Off
"Samsung Galaxy A14, 6.6"", 128GB + 4GB(Dual SIM), 5000 MAh, +CLASSY  GIFTS",26599,3,Top Deals | Deals up to 40% Off
Fashion 6Pcs Pure Cotton Checked Men's Boxers – Multicolor,1199,3,Top Deals | Deals up to 40% Off
Fashion Sneakers Women Shoes Women's Shoes Ladies,599,3,Top Deals | Deals up to 40% Off
Fashion 3PACK Pure Cotton Brief Boxers Men's Underwear,699,3,Top Deals | Deals up to 40% Off
Fashion Elastic Belt Corset Tummy Shaper,489,3,Top Deals | Deals up to 40% Off
Fashion Women's Shoes Sneakers Women Shoes Ladies,599,3,Top Deals | Deals up to 40% Off
Fashion 2 Piece Men's T-Shirt & Shorts Set,1258,3,Top Deals | Deals up to 40% Off
Fashion Ladies Sneaker Shoes Causal Shoes Buy A Size Larger Than Usual White,1050,3,Top Deals | Deals up to 40% Off
Waanzilish Mens Sneakers Shoes Outdoor Hiking Shoes Non-slip Sports Shoes Breathable Blue,1100,3,Top Deals | Deals up to 40% Off
"Infinix Smart 7 HD, 6.6"", 2GB RAM, 64GB, 5000mAh, 4G(DUAL SIM) - Ink Black.",12249,18,Top Deals on Phones
"Infinix Smart 7 HD, 6.6"", 2GB RAM, 64GB, 5000mAh, 4G(DUAL SIM) - Jade White",12249,18,Top Deals on Phones
"Nokia C32, 64GB + 4GB (Upto 7GB RAM) 5000MAh, Android 13, Black-Charcoal",16999,18,Top Deals on Phones
"Samsung Galaxy A14, 6.6"", 128GB + 4GB(Dual SIM), 5000 MAh, +CLASSY  GIFTS",26599,18,Top Deals on Phones
"XIAOMI Redmi 12C, 6.71"", 4GB + 128GB, 50MP CAM, 5000mAh, Blue",17599,18,Top Deals on Phones
"Tecno Spark 10C, 6.6"", 128GB + 4GB, Dual SIM, 5000mAh + Smart Watch & Power Bank",17999,18,Top Deals on Phones
"Freeyond F9,3GB+128GB,6.52"" 4G Smartphone,13.0MP 5000mAh, Dual SIM Android Phones",13100,18,Top Deals on Phones
"Samsung Galaxy A14, 6.6"", 64GB + 4GB, 50MP, Dual SIM, 5000mAh, Silver + Free Gifts",21099,18,Top Deals on Phones
"XIAOMI Redmi A2+, 6.52"", 2GB+32GB, 8.0MP, 5000mAh, 4G , Dual SIM - Black",11499,18,Top Deals on Phones
"Itel A04, 6.3"" Display, 32GB Storage + 2GB RAM, 4000mAh...+MAR11",8685,18,Top Deals on Phones
"Freeyond F9,4GB+64GB,6.52"" 4G Smartphone,13.0MP 5000mAh, Dual SIM Android Phones,Grey",12200,18,Top Deals on Phones
"Infinix Smart 7 HD, 6.6"", 2GB RAM, 64GB, 5000mAh, 4G(DUAL SIM) - Ink Silk Blue",12249,18,Top Deals on Phones
"Tecno Spark 10 Pro, 6.8"", 128GB + 8GB, 50MP, Dual SIM, 5000mAh - Pearl White + Smart Watch & Power Bank",22999,18,Top Deals on Phones
"SIMI S502 - 5.""  HD + 1GB And 16GB.",4999,18,Top Deals on Phones
"Infinix Smart 7 HD, 6.6"", 2GB RAM, 64GB, 5000mAh, 4G(DUAL SIM) - (Jade) White.",12249,18,Top Deals on Phones
"Nokia C12 Pro,6.3', 64GB + 4GB (2+2GB) ,8MP,(Dual SIM), 4000mAh,Charcoal",14499,18,Top Deals on Phones
"Samsung Galaxy A24 4G, 6.5"", 128GB + 4GB RAM (Dual SIM), 5000mAh, Black",31899,18,Top Deals on Phones
"Tecno Spark 10C, 6.6"", 128GB And UP TO 8GB RAM, Dual SIM, 5000mAh - Black + Phone Holder & Smart Watch",17999,18,Top Deals on Phones
"Tecno Pop 7  6.6"" Display 2GB RAM + 64GB ROM, 8MP , 5000mAh, Black + Free Gifts",12899,18,Top Deals on Phones
"Infinix Smart 7 Plus 6.6"" HD+, 64GB ROM + 3GB RAM, 6000mAh +  Free Gifts",13990,18,Top Deals on Phones
"Nokia C1 2nd Edition, 5.45"", 1GB +16GB - (DUAL SIM),Android 11, Blue",7950,18,Top Deals on Phones
Samsung Galaxy A04e 32GB ROM 3GB RAM 6.5'' 5000mAh Battery - Black,13899,18,Top Deals on Phones
Itel S23 128GB + 4GB Android 12 +SMARTNETS 1,13399,18,Top Deals on Phones
"Oppo A58, 6.72'' 6GB RAM + 128GB ROM, 50Mp Camera, 4G LTE,  (Dual Sim), 5000mAh - Dazzling  Green + Smart watch & Earpods",26299,18,Top Deals on Phones
"Tecno Pop 7 Pro 6.6"" 3GB RAM + 64GB ROM  13MP , 5000mAh, Blue + Free Gifts",13999,18,Top Deals on Phones
"Tecno Spark 10 , 6.6"" FHD,128GB ROM+8GB RAM, 5000mAh,Blue",18399,18,Top Deals on Phones
"Samsung Galaxy A04e, 6.5"", 32GB + 3GB (Dual SIM), 13MP, Blue",13899,18,Top Deals on Phones
"XIAOMI Redmi A2 Plus, 6.52""  2GB + 32GB 5000mAh (Dual SIM) Blue + Smart Watch & Buds",12999,18,Top Deals on Phones
"XIAOMI  Redmi 12, 6.79'', 8GB RAM+ 128GB ROM, 50MP, 5000mAh, Dual Sim - Midnight Black",24499,18,Top Deals on Phones
"Tecno Spark 10C, 6.6"" Display, 128GB + 4GB RAM, 16MP, Dual SIM, 5000mAh + Free Gifts",17699,18,Top Deals on Phones
"Samsung Galaxy A03 Core, 6.5"", (Dual SIM) 32GB + 2GB, 5000mAh + Smart Watch & Power Bank",12299,18,Top Deals on Phones
"Infinix Smart 7 HD 6.6"" HD+, 64GB + 2GB RAM Expandable To 4GB, 5000mAh + Free Gifts",12299,18,Top Deals on Phones
Samsung Galaxy A51 5G 128GB HDD- 6GB RAM - Prism Cube Black,22990,18,Top Deals on Phones
"Itel P40 4G Lite, 6.6'',64GB+4GB RAM,13MP Dual - 6000mAh,+ESSENTIAL GFTS/NY//.,BU/.",12199,18,Top Deals on Phones
"Tecno Spark 10, 6.6"", 128GB + 8GB, 50MP, Dual SIM, 5000mAh  Blue + Smart Watch & Buds",20999,18,Top Deals on Phones
"Infinix Smart 7 HD, 6.6"", 2GB RAM, 64GB, 5000mAh, 4G(DUAL SIM) -  Ink Black (Night)",12249,18,Top Deals on Phones
"Infinix Smart 7 Plus 6.6"" HD+, 64GB ROM + 3GB RAM 6000mAh//CELLINY//",14299,18,Top Deals on Phones
"Tecno Spark 10 Pro, 6.8"" , 128GB + 8GB, 50MP, Dual SIM, 5000mAh - Pearl White + Free Gifts",22699,18,Top Deals on Phones
"Itel A18, 5.0"" Display, 32GB +1GB (Dual Sim) 2400mAh - Gray + Smart Watch & Airpods",7599,18,Top Deals on Phones
"Samsung Galaxy A03 Core, 6.5"", (Dual SIM) 32GB + 2GB RAM, 5000mAh_ Black + FREE GIFTS",11999,18,Top Deals on Phones
AILYONS FK-0301 Stainless Steel 1.8L Electric Kettle-Black,689,34,Home Appliances
AILYONS HD-199A Electric Dry Iron Box Silver & Black,929,34,Home Appliances
AILYONS HD-198A Electric Dry Iron Box White & Blue,799,34,Home Appliances
AILYONS FK-0306 Stainless Steel 1.8L Electric Kettle-White,809,34,Home Appliances
AILYONS FK-0308 Stainless Steel 2.2L Electric Kettle,1059,34,Home Appliances
AILYONS TYB-205 Blender 2In1 With GrinderMachine 1.5LBlack,1799,34,Home Appliances
Nunix SC-002 Table Top Double Burner Gas Stove Cooker,1965,34,Home Appliances
Annov 7-Speed Portable Hand Mixer  With Bowl,1099,34,Home Appliances
Annov 2  Slice Bread Toaster - 700W - White,849,34,Home Appliances
AILYONS FK-0318 Stainless Steel 3.5L Electric Kettle-Ultra Plus Kettle.,1599,34,Home Appliances
"Roch RMW-20PX9-B (B) Microwave Oven, 700W, 20L - Black",7899,34,Home Appliances
AILYONS FK-0310 Stainless Steel 2.2L Electric Water Kettle-Black,1039,34,Home Appliances
Annov Dry Iron -  White,789,34,Home Appliances
VON 1.7L CORDLESS KETTLE VSKL17BNK WHITE AND BLACK,2395,34,Home Appliances
AILYONS TYB-205 Blender 2In1 With Grinder Machine 1.5L Red,1799,34,Home Appliances
Lyons FY-1731 Blender 2 In 1 With Grinder Machines  1.5L,1699,34,Home Appliances
"AILYONS GS014-1, 2 Burner Glass Top & Infrared Double Burner",2599,34,Home Appliances
Vitron VB-815 - 2in1 Blender - 1.5L - 350W - White & Blue,1650,34,Home Appliances
"RAF R.100 Coffee Maker, 600ml - 600W - Black",1999,34,Home Appliances
"Binatone DI-1206 MK4 Smoother Gliding Non-stick Soleplate Dry Iron, White & Black",1089,34,Home Appliances
Roch REK-820-D Electric Kettle - 2L - 1500W - Silver,879,34,Home Appliances
Eurochef Table Top Stainless Steel 2 Burner Gas Cooker Plus 6kg Regulator And Pipe,2490,34,Home Appliances
"AILYONS 2.2L  Elegant Automatic Water Heater & Boiler Jug,Cordeless",1219,34,Home Appliances
Vitron VB-886 - 2in1 Blender - 1.5L - 350W - White,1740,34,Home Appliances
"Ramtons RM/458 - Digital Glass Microwave, 700W - 20L -Black & Silver",10299,34,Home Appliances
AILYONS Energy Efficient Dry Iron Box With Free Extension,1386,34,Home Appliances
Electric Mosquito Swatter Bat Racket Killer,550,34,Home Appliances
4you 1500W 2.0L Electric Kettle 360⁰ Water Heater Boiler Jug,940,34,Home Appliances
Ramtons RM/591- 3LT Cordless Kettle,3000,34,Home Appliances
AILYONS FK-0317 Stainless Steel 3.5L Electric Kettle-Ultra Plus Kettle,1529,34,Home Appliances
AILYONS Quality Dry Iron Box With Titanium Teflon Nonstick Soleplate,1079,34,Home Appliances
Elegant World 2 In 1 Blender & Grinder - 1.6L-Blue,2300,34,Home Appliances
4you 2L Electric Automatic Kettle,934,34,Home Appliances
Electric Cooker / Single Spiral Coil Hotplate,990,34,Home Appliances
Sathiya 1850W 1.8L Energy Efficient Electric Water Kettle Heater Jug,1159,34,Home Appliances
AILYONS Electric Kettle Water Heater & Boiler Jug,940,34,Home Appliances
Nunix Glass Table Top Double Burner Gas Stove + Pipe & Regulator,3379,34,Home Appliances
"Nunix Cooker, 3 Gas Burners,Hot Plate, Electric Oven",24899,34,Home Appliances
Redberry EEK 1 Elegant  Electric Kettle - 2.0L - Silver,875,34,Home Appliances
Electric Cooker / Single Spiral Coil Hotplate,945,34,Home Appliances
Na Half Porridge Calabash,695,0,Top Deals on Electronics
"Na Hand Crafted Tin Money Box ,With Lock For Kids - Piggy Bank",995,0,Top Deals on Electronics
"Na SHARE THIS PRODUCT   power stretch Double Wheel Roller For Abs, Flat Tummy",1499,0,Top Deals on Electronics
Na Moon Holding Fairy Curtain Lights,2350,0,Top Deals on Electronics
Na Tin Coin Bank Money Saving Box Piggy Bank,795,0,Top Deals on Electronics
Na Cosmetic Storage Box,2200,0,Top Deals on Electronics
Na 380ml Portable Electrical Juicer,3200,0,Top Deals on Electronics
Na AFRILIGHTING,650,0,Top Deals on Electronics
"Na 4MMX61CMX173CM, Grass Green Yoga Mat For Exercises",3000,0,Top Deals on Electronics
Na 4MMX61CMX173CM  Red Yoga Mat For Exercises,3000,0,Top Deals on Electronics
Na PIGGY BANK,1499,0,Top Deals on Electronics
Na Polyelofin Heat Gun Shrink Wrap 200MM,920,0,Top Deals on Electronics
"Na 4MMX61CMX173CM, Light Blue Yoga Mat For Exercises",3000,0,Top Deals on Electronics
Na 20L Manual microwave,9899,0,Top Deals on Electronics
Na Large Capacity Cow Pattern Inlaid Diamond 40oz Car Cup with Handle Straw Cup Icy Cup,3757,0,Top Deals on Electronics
Na 6 way 10m Wire Extension,1899,0,Top Deals on Electronics
Na Artificial bonsai plant flowers ,800,0,Top Deals on Electronics
"DELL Refurbished 3189 Pentium Touchscreen - 4 GB/128 GB SSD 12""- Free Wireless Mouse",18599,40,Computing Deals
HP REFURBISHED PROBOOK 11 G2 CORE I3  8GB  500HDD *TOUCHSCREEN* WINDOWS 10 (1 YEAR WARRANTY),22084,26,Computing Deals
LED 2.4G Rechargeable Wireless Mouse,540,50,Computing Deals
Lenovo Ideapad 1-Intel Celeron-4GB RAM-256GB SSD-Windows 11-15.6 HD-Grey,35526,15,Computing Deals
Logitech Wireless Mouse M171,1799,1,Computing Deals
"DELL Chromebook 11 P22T -Intel Celeron N2840 2.16GHz, 2GB RAM /16GB EMMC, Chrome OS, Refurbished",9409,33,Computing Deals
Epson EcoTank L3250 A4 WIRELESS Printer (All-in-One),33999,11,Computing Deals
"HP Refurbished Elitebook 840  Core  I5, Slim Model ,  8GB RAM 500GB  HDD -14"", Black",20260,32,Computing Deals
Qwen 64GB Flash Disks USB Flash Drive High Speed,659,34,Computing Deals
"Apple Refurbished MacBook Pro 13"" Core I5 4GB RAM, 500GB HDD ( 2012)  2.5GHz- Silver",27999,30,Computing Deals
Qwen Aluminum Alloy Laptop Stand Computer Stand,650,35,Computing Deals
HP REFURBISHED  STREAM 7th Gen/INTEL PENTIUM/ 4GB/ 128 GB/grey/black,13442,44,Computing Deals
DELL REFURBISHED LATITUDE 3189 X360/TOUCHSCREEN/128 SSD/4GB/PENTIUM,14399,24,Computing Deals
Lenovo Refurbished Thinkpad X250 Intel Core I5 8 GB RAM 256GB SSD 12.5'' Black,20999,44,Computing Deals
"HP Refurbished Stream 11 Pro - 11.6"" Intel Celeron 4GB RAM 64GB SSD Ultra Slim Laptop + Bag",13826,31,Computing Deals
NIVEA Perfect & Radiant Even Tone Day And Night Cream For Women - 50ml,999,0,Clearance Sale
NIVEA Radiant & Beauty Advanced Care Lotion For Women - 400ml (Pack Of 2),1460,0,Clearance Sale
NIVEA Nourishing Cocoa Body Lotion With Cocoa Butter 400ml (Pack Of 2),1280,0,Clearance Sale
"NIVEA Pearl & Beauty Anti-Perspirant Rollon, 48h - 50ml (Pack Of 2)",1000,0,Clearance Sale
"NIVEA MEN Deep Antibacterial Anti-Perspirant Rollon,48h - 50ml (Pack Of 2)",1040,0,Clearance Sale
"NIVEA Pearl & Beauty Black Pearl Fine Fragrance Anti-Perspirant Roll-On, 48h - 50ml (Pack Of 2)",1040,0,Clearance Sale
Jameson Jameson Irish Whiskey - 1 Litre,2999,0,Clearance Sale
NIVEA Waterlily & Oil Shower Gel For Women 250ml (Pack Of 2),1190,0,Clearance Sale
Nunix R5 Hot & Normal Free Standing Water Dispenser - White,4294,0,Clearance Sale
Jameson Jameson Irish Whiskey - 750 Ml,2199,0,Clearance Sale
"NIVEA Perfect & Radiant Luminous630 Anti Dark Marks Serum, 30ml & Day Cream, 40ml",3999,0,Clearance Sale
"NIVEA MEN Deep Antibacterial Anti-Perspirant Spray, 48h -150ml (Pack Of 2)",1241,0,Clearance Sale
NIVEA Lemongrass & Oil Shower Gel For Women - 250ml (Pack Of 2),1190,0,Clearance Sale
NIVEA Q10 Power Anti-Wrinkle Day Cream 50ml & Night Cream 50ml,2999,0,Clearance Sale
Ballantine Ballantine Blended Scotch Whiskey - 1 Litre,2670,0,Clearance Sale
William Lawson's William Lawson's Scotch Whisky – 750ml,1662,0,Clearance Sale
"NIVEA Indulge Gift Pack - (Nourishing Cocoa Body Lotion 400ml,Waterlily Shower Gel 250ml & Pearl & Beauty Roll-On 50ml)",1700,0,Clearance Sale
NIVEA Watermelon Shine Lip Balm For Women - 4.8g (Pack Of 2),757,0,Clearance Sale
Nunix AF-5 Air Fryer Healthier Oil Free Fryer And Fries Maker,5994,0,Clearance Sale
Premier PM-90 Single Door Fridge – 90L,18540,0,Clearance Sale
Nunix 6L Electric Chips Deep Fryer,4468,0,Clearance Sale
Martini Martini Fierro 750ml,2204,0,Clearance Sale
NIVEA Lipbalm Classic/essential - 4.8g,296,0,Clearance Sale
Beefeater Beefeater London Pink Gin - 750ML,2699,0,Clearance Sale
NIVEA Black & White Invisible Silky Smooth Anti-Perspirant Rollon-50ml,540,0,Clearance Sale
Premier Washing Machine Twin Tub 10kg Washer 6kg Dryer,27547,0,Clearance Sale
Jameson Jameson Black Barrel Irish Whiskey - 750ml,4076,0,Clearance Sale
NIVEA Creme Soft Shower Cream For Women - 500ml,955,0,Clearance Sale
Nunix NU-9090A 5.1 Woofer/mini Home Theatre Speaker System,14107,0,Clearance Sale
Bacardi Bacardi Spiced 700ml,1768,0,Clearance Sale
NIVEA MEN Revitalising Body Lotion For Men - 400ml,503,0,Clearance Sale
NIVEA Black & White Invisible Silky Smooth Anti-Perspirant Rollon-50ml,540,0,Clearance Sale
NIVEA Lemongrass & Oil Shower Gel For Women - 250 Ml,446,0,Clearance Sale
NIVEA Double Effect Spray For Women,540,0,Clearance Sale
"NIVEA Black & White Invisible Clear Anti-Perspirant Spray,48h - 150 Ml",540,0,Clearance Sale
"NIVEA Full Bloom Pack - Waterlily ShowerGel, Pearl & Beauty RollOn",1069,0,Clearance Sale
NIVEA Moisturising Sun Kid's Lotion SPF 50+ - 200ml,2078,0,Clearance Sale
NIVEA Aloe & Hydration Body Lotion For Women - 400 Ml,480,0,Clearance Sale
Malfy Malfy Gin Con Rosa - 750ml,3724,0,Clearance Sale
Top Fry Top Fry Vegetable Oil - 5ltr,1399,0,Clearance Sale
Dark And Lovely Waterless Cleanser - 250ml,595,48,Haircare
Vintage T9 Dragon Rechargeable Metal Hair Clipper Gold,680,48,Haircare
Kirkland Minoxidil 5% Extra Strength Hair Regrowth 1 Month Works,899,48,Haircare
Kemei Flat Iron Hair Straightener Professional,1000,48,Haircare
Dark And Lovely Protective Relief - 100ml,495,48,Haircare
Fashion OMG Headband Fleece Fuzzy Women Stretchy Hair Cute Soft Wear,295,48,Haircare
Deliya 7 Gifts Hair Blow Dryer 2200W Hair Dryer JM2404,1990,48,Haircare
Nova Hair Straightener 2 In 1 Curling Iron+6 Gifts,990,48,Haircare
Hair Shaving Machine Hair Clipper For Men-Black,760,48,Haircare
Beard Oil Fast Beard Growth Oil For Moustache & Facial Hair- 30ml.,324,48,Haircare
Nova 2 In 1 Hair Straightener Curling Iron-Gold.,600,48,Haircare
"Aichun Beauty King Of Ginger 7 Days Hair Tonic,hair Growth Oil - 30ml",340,48,Haircare
Shea Moisture Jamaican Black Castor Oil Reparative Leave-In Conditioner,3000,48,Haircare
Deliya Hair Blow Dryer 2200W Hair Dryer+6 Gifts,1790,48,Haircare
Luodais Classic Human Hair Wig & Weave Repair Serum,348,48,Haircare
Deliya 2200W Hair Blow Dryer+6 Gifts,1871,48,Haircare
Mizani Miracle Length Hairline And Root Stimulator,5375,48,Haircare
Fashion Electric Hair Straightener Brush Straightener Comb,1100,48,Haircare
Deliya Hair Blow Dryer Hair Dryer Hair Straightener+7 Gifts,2050,48,Haircare
Anti-static Detangling Hairbrush Comb,400,48,Haircare
Professional Electric Hot Comb Straightener,1799,48,Haircare
L'Oréal professionnel L’Oréal Professionnel 10 In 1 Multipurpose Absolut Repair Oil 90ml,3583,48,Haircare
Mekis Jamaican Black Castor + Amla + Rosemary + Peppermint Oil–Promotes Hair Growth & Stops Hair Fall,808,48,Haircare
"Nunix 2400W Professional Blow Dry Machine Commercial Use,",2399,48,Haircare
Short-Length Natural Full Hair Wigs For Ladies,1450,48,Haircare
Bestauty 8Pcs Hair Clips Combination Set Plastic Hair Claws,1150,48,Haircare
Hair Clipper Men Hair Shaving Machine-Gold,763,48,Haircare
Nova Rechargeable Hair And Beard Trimmer,539,48,Haircare
Vintage Rechargeable Metal Hair Clipper Gold,880,48,Haircare
Kirkland Minoxidil 5% Extra Strength Hair Regrowth 1 Month,1799,48,Haircare
Derma Roller Hair Growth Beard Growth Anti-Wrinkle Derma Roller,379,48,Haircare
Rechargeable Electric Hair Clipper Barber Trimmer,765,48,Haircare
Afro Bun Ponytail Hair Extension SMALL+ Free Free Gift,350,48,Haircare
Hair Straightener Hair Flat Iron+6 Gifts JM2412,900,48,Haircare
Deliya Hair Dryer Blow Dryer Hair Tools+ Nail Clipper Set 6 Gifts,1980,48,Haircare
SADOER Hair Growth Serum Ginger Essence Hair Care Oil,314,48,Haircare
"Mekis Jamaican Black Castor+Extra Virgin Olive Oil - 30ml,Promote Hair Growth,Prevent Hair Breakage",276,48,Haircare
"Mekis Jamaican Black Castor Oil- For Hair Growth,Hair Loss,Breakage",1064,48,Haircare
Hair Clipper Hair Trimmer Electric Shaver USB Cordless,799,48,Haircare
Ceriotti Original Hair Dryer Blow Dry GEK 3800 Straightener,2200,48,Haircare
NIVEA Perfect & Radiant Even Tone Day And Night Cream For Women - 50ml,999,0,Let's celebrate love
NIVEA Radiant & Beauty Advanced Care Lotion For Women - 400ml (Pack Of 2),1460,0,Let's celebrate love
NIVEA Nourishing Cocoa Body Lotion With Cocoa Butter 400ml (Pack Of 2),1280,0,Let's celebrate love
"NIVEA Pearl & Beauty Anti-Perspirant Rollon, 48h - 50ml (Pack Of 2)",1000,0,Let's celebrate love
"NIVEA MEN Deep Antibacterial Anti-Perspirant Rollon,48h - 50ml (Pack Of 2)",1040,0,Let's celebrate love
"NIVEA Pearl & Beauty Black Pearl Fine Fragrance Anti-Perspirant Roll-On, 48h - 50ml (Pack Of 2)",1040,0,Let's celebrate love
Jameson Jameson Irish Whiskey - 1 Litre,2999,0,Let's celebrate love
NIVEA Waterlily & Oil Shower Gel For Women 250ml (Pack Of 2),1190,0,Let's celebrate love
Nunix R5 Hot & Normal Free Standing Water Dispenser - White,4294,0,Let's celebrate love
Jameson Jameson Irish Whiskey - 750 Ml,2199,0,Let's celebrate love
"NIVEA His & Hers Deo Pack - Deep Roll-On - 50ml, Pearl & Beauty Roll-On - 50ml",1040,0,Let's celebrate love
"NIVEA Radiant & Beauty Advanced Care Lotion For Women - 400ml (Pack Of 2) + Pearl & Beauty Anti-Perspirant Rollon For Women, 48h - 50ml",1460,0,Let's celebrate love
"NIVEA Perfect & Radiant Luminous630 Anti Dark Marks Serum, 30ml & Day Cream, 40ml",3999,0,Let's celebrate love
NIVEA Perfect & Radiant Even Tone Day Cream SPF 15 For Women-50ml,585,0,Let's celebrate love
"NIVEA MEN Deep Antibacterial Anti-Perspirant Spray, 48h -150ml (Pack Of 2)",1241,0,Let's celebrate love
NIVEA Lemongrass & Oil Shower Gel For Women - 250ml (Pack Of 2),1190,0,Let's celebrate love
NIVEA Q10 Power Anti-Wrinkle Day Cream 50ml & Night Cream 50ml,2999,0,Let's celebrate love
Ballantine Ballantine Blended Scotch Whiskey - 1 Litre,2670,0,Let's celebrate love
William Lawson's William Lawson's Scotch Whisky – 750ml,1662,0,Let's celebrate love
"NIVEA Indulge Gift Pack - (Nourishing Cocoa Body Lotion 400ml,Waterlily Shower Gel 250ml & Pearl & Beauty Roll-On 50ml)",1700,0,Let's celebrate love
NIVEA Lipbalm Hydro Care - 4.8g,296,0,Let's celebrate love
NIVEA Refreshing Face Wash For Women - 150ml (Pack Of 2),1510,0,Let's celebrate love
NIVEA Watermelon Shine Lip Balm For Women - 4.8g (Pack Of 2),757,0,Let's celebrate love
NIVEA Perfect & Radiant Luminous630 Anti Dark Marks Serum - 30ml-pack Of 2,5610,0,Let's celebrate love
Nunix AF-5 Air Fryer Healthier Oil Free Fryer And Fries Maker,5994,0,Let's celebrate love
Premier PM-90 Single Door Fridge – 90L,18540,0,Let's celebrate love
Nunix 6L Electric Chips Deep Fryer,4468,0,Let's celebrate love
Martini Martini Fierro 750ml,2204,0,Let's celebrate love
NIVEA Express Hydration Body Lotion For Women - 200ml,270,0,Let's celebrate love
NIVEA Lipbalm Classic/essential - 4.8g,296,0,Let's celebrate love
Beefeater Beefeater London Pink Gin - 750ML,2699,0,Let's celebrate love
NIVEA MEN Maximum Hydration Body Lotion For Men - 200ml,281,0,Let's celebrate love
NIVEA Moisturising Sun Lotion SPF 50+ - 200ml,2078,0,Let's celebrate love
NIVEA Perfect & Radiant Detox Skin Care Pack,2220,0,Let's celebrate love
NIVEA MEN Lipbalm For Men- Active - 4.8g,296,0,Let's celebrate love
NIVEA Cr?¿me Soft Shower Cream For Women - 250ml,534,0,Let's celebrate love
NIVEA Black & White Invisible Silky Smooth Anti-Perspirant Rollon-50ml,540,0,Let's celebrate love
NIVEA Blackberry Shine Lip Balm For Women - 4.8g (Pack Of 2),790,0,Let's celebrate love
NIVEA Q10 Power Anti-Wrinkle Night Cream For Women - 50ml,1440,0,Let's celebrate love
"NIVEA Protective Care Hand Cream With Beeswax, 75ml",325,0,Let's celebrate love
Nunix R5 Hot & Normal Free Standing Water Dispenser - White,4294,3,Top Deals on Home | Up to 40% Off
Nunix AF-5 Air Fryer Healthier Oil Free Fryer And Fries Maker,5994,3,Top Deals on Home | Up to 40% Off
Premier PM-90 Single Door Fridge – 90L,18540,3,Top Deals on Home | Up to 40% Off
Nunix 6L Electric Chips Deep Fryer,4468,3,Top Deals on Home | Up to 40% Off
Premier Washing Machine Twin Tub 10kg Washer 6kg Dryer,27547,3,Top Deals on Home | Up to 40% Off
Jikokoa Xtra - Black,3141,3,Top Deals on Home | Up to 40% Off
AILYONS FK-0301 Stainless Steel 1.8L Electric Kettle-Black,689,3,Top Deals on Home | Up to 40% Off
AILYONS HD-199A Electric Dry Iron Box Silver & Black,929,3,Top Deals on Home | Up to 40% Off
AILYONS HD-198A Electric Dry Iron Box White & Blue,799,3,Top Deals on Home | Up to 40% Off
AILYONS FK-0306 Stainless Steel 1.8L Electric Kettle-White,809,3,Top Deals on Home | Up to 40% Off
AILYONS FK-0308 Stainless Steel 2.2L Electric Kettle,1059,3,Top Deals on Home | Up to 40% Off
Roch RFR-120S-I Single Door Refrigerator - 90 Litres - Silver,17599,3,Top Deals on Home | Up to 40% Off
AILYONS TYB-205 Blender 2In1 With GrinderMachine 1.5LBlack,1799,3,Top Deals on Home | Up to 40% Off
AILYONS AFK-112 Water Dispenser Hot Cold And Normal With Storage Cabinet,6499,3,Top Deals on Home | Up to 40% Off
Annov 7-Speed Portable Hand Mixer  With Bowl,1099,3,Top Deals on Home | Up to 40% Off
Annov 2  Slice Bread Toaster - 700W - White,849,3,Top Deals on Home | Up to 40% Off
HOMMY 3 Column Portable Wardrobe-Brown,2499,3,Top Deals on Home | Up to 40% Off
AILYONS FK-0318 Stainless Steel 3.5L Electric Kettle-Ultra Plus Kettle.,1599,3,Top Deals on Home | Up to 40% Off
10kg Digital Kitchen Electronic Cooking Weighing Scale,499,3,Top Deals on Home | Up to 40% Off
"Roch RMW-20PX9-B (B) Microwave Oven, 700W, 20L - Black",7899,3,Top Deals on Home | Up to 40% Off
AILYONS FK-0310 Stainless Steel 2.2L Electric Water Kettle-Black,1039,3,Top Deals on Home | Up to 40% Off
"VON VADZ0002K, Portable Water Dispenser - Black",959,3,Top Deals on Home | Up to 40% Off
"HUILE Hand Press Pump For Dispenser Suitable Homes,Schools,Offices",480,3,Top Deals on Home | Up to 40% Off
"Multicolor Duvet Blanket, Sheet, 2 Pillow Cases",2999,3,Top Deals on Home | Up to 40% Off
VON Von VALS-75BWY Twin Tub Washing Machine - 7.5Kg,20995,3,Top Deals on Home | Up to 40% Off
Annov Dry Iron -  White,789,3,Top Deals on Home | Up to 40% Off
Electric Automatic Water Dispenser Pump Rechargeable White,799,3,Top Deals on Home | Up to 40% Off
Sonar C7 Hot And Normal Water Dispenser -blue And White,3699,3,Top Deals on Home | Up to 40% Off
VON 1.7L CORDLESS KETTLE VSKL17BNK WHITE AND BLACK,2395,3,Top Deals on Home | Up to 40% Off
Roch RFR-120S-I Single Door Refrigerator - 90 Litres - Silver,18599,3,Top Deals on Home | Up to 40% Off
Automatic Water Dispenser Pump Electric Rechargeable Pump Home Office Pump,599,3,Top Deals on Home | Up to 40% Off
AILYONS TYB-205 Blender 2In1 With Grinder Machine 1.5L Red,1799,3,Top Deals on Home | Up to 40% Off
Lyons FY-1731 Blender 2 In 1 With Grinder Machines  1.5L,1699,3,Top Deals on Home | Up to 40% Off
"AILYONS GS014-1, 2 Burner Glass Top & Infrared Double Burner",2599,3,Top Deals on Home | Up to 40% Off
10kg Digital Kitchen Scale Cooking Weighing Scale,539,3,Top Deals on Home | Up to 40% Off
Vitron VB-815 - 2in1 Blender - 1.5L - 350W - White & Blue,1650,3,Top Deals on Home | Up to 40% Off
HOMMY Maroon Portable Wardrobe 3 Column - Maroon,2499,3,Top Deals on Home | Up to 40% Off
5*6- Metallic Stands Mosquito Net,1330,3,Top Deals on Home | Up to 40% Off
Mosquito Net With Metallic Stand 4 By 6 - Purple,1330,3,Top Deals on Home | Up to 40% Off
Superfoam Morning Glory Medium Density Quilted  -Grey & Blue,14737,3,Top Deals on Home | Up to 40% Off
"Infinix Smart 7 HD, 6.6"", 2GB RAM, 64GB, 5000mAh, 4G(DUAL SIM) - Ink Black.",12249,34,More Deals on Phones & Accessories
Fast Charging 10000mAh Power Charging Bank Black,899,34,More Deals on Phones & Accessories
Ace Elec M10 Wireless  Bluetooth 5.1 Earphones Dual LED Display,610,34,More Deals on Phones & Accessories
Stereo F9 Bluetooth Earphone  Power Headset,660,34,More Deals on Phones & Accessories
Wireless Bluetooth In-Ear Earphone Stereo Headset,570,34,More Deals on Phones & Accessories
ARHANORY Phone Tripod Stand Mobile Phone Holder Mount Ring Light Set Selfie Stick-Black,499,34,More Deals on Phones & Accessories
"Infinix Smart 7 HD, 6.6"", 2GB RAM, 64GB, 5000mAh, 4G(DUAL SIM) - Jade White",12249,34,More Deals on Phones & Accessories
"6"" Ring Light Mirror For Selfie YouTube Video Phone Holder Stand Shooting With 3 Light Modes",699,34,More Deals on Phones & Accessories
"Nokia C32, 64GB + 4GB (Upto 7GB RAM) 5000MAh, Android 13, Black-Charcoal",16999,34,More Deals on Phones & Accessories
Oraimo FreePods Lite ENC 40-hour Playtime Havybass True Wireless Earbuds,2100,34,More Deals on Phones & Accessories
Oraimo Rock Stereo Bass Super Long Playtime IPX5 Waterproof True Wireless Earbuds,2100,34,More Deals on Phones & Accessories
"Samsung Galaxy A14, 6.6"", 128GB + 4GB(Dual SIM), 5000 MAh, +CLASSY  GIFTS",26599,34,More Deals on Phones & Accessories
General Electric DCQ D2 Power Banks 20000 MAh,1800,34,More Deals on Phones & Accessories
Wireless Earphones Bluetooth 5.3 Finger Touch Headset HIFI Slide Cover.,770,34,More Deals on Phones & Accessories
Qwen Wireless Earbuds In-ear Bluetooth Earphones Digital LED Display,700,34,More Deals on Phones & Accessories
Wireless Fingerprint Touch Bluetooth 5.0 Earphone With Mic,610,34,More Deals on Phones & Accessories
Gionee DCQ D1 Power Banks 10000 MAh,1100,34,More Deals on Phones & Accessories
Macaroon Bluetooth Wireless Earphones Sound Headsets Noise Cancelling HD Binaural Call -BLACK,647,34,More Deals on Phones & Accessories
"XIAOMI Redmi 12C, 6.71"", 4GB + 128GB, 50MP CAM, 5000mAh, Blue",17599,34,More Deals on Phones & Accessories
Mirror Face 10000mAh Portable Power Charging Bank,899,34,More Deals on Phones & Accessories
"Tecno Spark 10C, 6.6"", 128GB + 4GB, Dual SIM, 5000mAh + Smart Watch & Power Bank",17999,34,More Deals on Phones & Accessories
I1 Bluetooth Wireless Earphone Earbuds  IOS/Android,490,34,More Deals on Phones & Accessories
"Freeyond F9,3GB+128GB,6.52"" 4G Smartphone,13.0MP 5000mAh, Dual SIM Android Phones",13100,34,More Deals on Phones & Accessories
Portable Phone Holder Adjustable Phone Stand & Ipad Stand Holder(Black),120,34,More Deals on Phones & Accessories
Remote Bluetooth Selfie Stick +Tripod Stand + Fill Light  Multiple Function,690,34,More Deals on Phones & Accessories
Bluetooth Wireless Earphones Sound Headsets Noise Cancelling HD Binaural Call Earbuds MiNi,579,34,More Deals on Phones & Accessories
"Samsung Galaxy A14, 6.6"", 64GB + 4GB, 50MP, Dual SIM, 5000mAh, Silver + Free Gifts",21099,34,More Deals on Phones & Accessories
Ace Elec ACEELEC F9 Wireless Fingerprint Touch Bluetooth Headset,560,34,More Deals on Phones & Accessories
Men's Chest Bags Waterproof Casual Waist Bags Short Trip Travel Carry Bag,599,34,More Deals on Phones & Accessories
"Oraimo Smartwatch Lite  1.69'' TFT With Call & Message Reminder, 61 Sport Modes-Black",4500,34,More Deals on Phones & Accessories
"Itel A04, 6.3"" Display, 32GB Storage + 2GB RAM, 4000mAh...+MAR11",8685,34,More Deals on Phones & Accessories
Men's Chest Bags Waterproof Casual Waist Bags Short Trip Travel Carry Bag,599,34,More Deals on Phones & Accessories
Sports Wireless Bluetooth Earphone Neck Hanging Headset,315,34,More Deals on Phones & Accessories
"Oraimo Deeper Bass, HD Sound Earphone + Mic",360,34,More Deals on Phones & Accessories
Oraimo 20000mAh Powerbank,2850,34,More Deals on Phones & Accessories
"XIAOMI Redmi A2+, 6.52"", 2GB+32GB, 8.0MP, 5000mAh, 4G , Dual SIM - Black",11499,34,More Deals on Phones & Accessories
Oraimo 10000mAh Power-Bank OPB-P110DN,1520,34,More Deals on Phones & Accessories
"Nokia 105 Africa Edition - 1.77"" - Wireless FM Radio -  800mAh - Charcoal Black",2500,34,More Deals on Phones & Accessories
Bluetooth 5.1 Wireless Headphones Bluetooth Earphones 50Hrs Playtime Wireless Earbuds,849,34,More Deals on Phones & Accessories
"SIMI S502 - 5.""  HD + 1GB And 16GB.",4999,34,More Deals on Phones & Accessories
Fashion 4Pairs Finest Cotton Freesize Unisex Plain Invisible Socks,227,12,Men's Clothing
Fashion 6Pcs Soft Cotton Brief Men's Boxers – Waist 29-35inc,789,12,Men's Clothing
Fashion 6-Pack Men's Cotton Woven Boxers - Assorted,1199,12,Men's Clothing
Fashion 6Pcs Pure Cotton Checked Men's Boxers – Multicolor,1199,12,Men's Clothing
Fashion 6-Pack Men's Cotton Underwear Boxers - ASSORTED,1299,12,Men's Clothing
Fashion 3PACK Pure Cotton Brief Boxers Men's Underwear,699,12,Men's Clothing
"6pcs Mixed Assorted Colours, Llight Cotton Fabric Waist 28-32 Inches 28-32 Inches",599,12,Men's Clothing
Fashion 2 Piece Men's T-Shirt & Shorts Set,1258,12,Men's Clothing
Fashion 6PCS Men's Classic Stretchy Cotton Boxer-ASSORTED,1349,12,Men's Clothing
Fashion Men Trousers Pants Casual Track Pants Summer Plus Size Joggers Men's Clothing,899,12,Men's Clothing
Fashion Men's Color Stitching Polos Shirts Round Neck Short Sleeve T-shirt Business,784,12,Men's Clothing
Fashion 2 In 1 Men T-shirts Men Shorts Men Suits Pants,794,12,Men's Clothing
Fashion Checked Cotton Boxer Shorts - 3 Pieces - Assorted,799,12,Men's Clothing
Fashion 6Pcs Soft Cotton Checked Big Size Men's Boxers –for Trauser Size 34-45,799,12,Men's Clothing
Yixin 3 Pack Men's Summer Loose Short Sleeve T-shirt,919,12,Men's Clothing
Fashion 3Pcs Soft Cotton Brief Men's Boxers – Waist 29-35inc,477,12,Men's Clothing
Fashion Mens Casual Trousers Jogger Jean Sports Sweat Pants Official - Grey,962,12,Men's Clothing
Fashion Men's Casual Vintage Turtleneck Polo Long Sleeve Office Shirts,962,12,Men's Clothing
Fashion Men's 2 In 1 Short Sleeve T-Shirt & Shorts Set- Black,871,12,Men's Clothing
Fashion Men Pants Trousers Overalls Cargo Pants Men Clothes,754,12,Men's Clothing
Fashion 6Pcs Men Soft Spandex Brief Men's Boxers – Waist 29-35inc,699,12,Men's Clothing
Fashion Mens Sport Hoodies Casual Long Sleeves Cotton Sweatshirts Outdoor Overhead,1400,12,Men's Clothing
Fashion Men's Casual Pants Overall Trousers,710,12,Men's Clothing
Fashion Mens Lightweight Winter Varsity Jackets Business Comfort Casual Zipper Sport - White,1139,12,Men's Clothing
Fashion Men's Trendy Zipper Turtleneck Varsity Jackets Slim Sport Coats - White,1003,12,Men's Clothing
Fashion Mens Formal Shirts Casual Round Neck Short Sleeved T-shirt Polos - White,720,12,Men's Clothing
6Pcs Finest Quality Pure Cotton Checked Men's Boxers Comfortable Men Underwear,1377,12,Men's Clothing
Fashion Men's Casual Windbreak Lightweight Blazer Zipper Jacket & Coats - Dark Gray,920,12,Men's Clothing
Fashion 3 In 1 Men T-shirts Men Tops Tees Men Wear Clothes Polos,1099,12,Men's Clothing
Fashion Mens Casual Trousers Jean Official Jogger Sports - Black,988,12,Men's Clothing
Fashion Summer Mens Polos Casual Joggers T-shirt Business Trendy Short Sleeve Shirts Official,820,12,Men's Clothing
Fashion Mens Vintage Graffiti Floral Pattern Shirts Hawaii Beach Shirt Casual-Red,773,12,Men's Clothing
Fashion 2 In 1 Men's Short Sleeve Shorts Set - Black,888,12,Men's Clothing
Fashion Men's Jackets Coats Denim Lightweight Slim Casual Bomber Blazers-Brown,1860,12,Men's Clothing
Fashion Official Trouser Pant -Black-Slim Fit Office Wear Men,1099,12,Men's Clothing
Fashion 3PCs Pure Cotton Multicolor Men's Boxers – Multicolor,799,12,Men's Clothing
Fashion Hard Khaki Men's Trouser Casual-Green,1195,12,Men's Clothing
Fashion Men Pure Cotton White Longsleeve Button Slim Fit Official Casual Shirt,947,12,Men's Clothing
Fashion 3 Pcs Men's Short Sleeve T-shirt,999,12,Men's Clothing
Fashion Soft Khaki Trouser Stretch Slim Fit Casual,1299,12,Men's Clothing
Fashion 2 In 1 Men T-shirts Men Shorts Men Suits Pants,794,40,Men's T-shirts
Fashion 2 Piece Men's T-Shirt & Shorts Set,1258,40,Men's T-shirts
Yixin 3 Pack Men's Summer Loose Short Sleeve T-shirt,919,40,Men's T-shirts
Fashion Men's 2 In 1 Short Sleeve T-Shirt & Shorts Set- Black,871,40,Men's T-shirts
Fashion 3 In 1 Men T-shirts Men Tops Tees Men Wear Clothes Polos,1099,40,Men's T-shirts
Fashion 2 In 1 Men's Short Sleeve Shorts Set - Black,888,40,Men's T-shirts
Fashion 3 In 1 Men's T-Shirt Short Hello Africa Sleeve Shorts Set With Chain Black,899,40,Men's T-shirts
Fashion 2 Piece Set Men's T-Shirt & Shorts - Black,1150,40,Men's T-shirts
Fashion Men Printed T-shirt Slim Fit,832,40,Men's T-shirts
Fashion Men's Sleeveless Vest - Black/White/Grey,699,40,Men's T-shirts
Yixin 4 Pack Short Sleeve Men's T-shirt  - 4 Pieces,1462,40,Men's T-shirts
Fashion 2 In 1 Men's Short Sleeve Shorts Casual Set-White,1097,40,Men's T-shirts
"Fashion 3 SET Fashion Heavy Duty Cotton Plain T Shirt- MAROON,GRAY,JUNGLE GREEN",2850,40,Men's T-shirts
Fashion 6 Pack Round Neck Plain T-shirts,3500,40,Men's T-shirts
Fashion 2 In 1 Men's Short Sleeve Shorts Set - White,850,40,Men's T-shirts
Yixin 3 PCS/Sets Tshirt T-shirt Men Wear Men Suit Men Coat Short Sleeve Two White And One Black,1299,40,Men's T-shirts
Fashion 2pcs T-Shirt + Shorts Suit - Black,1220,40,Men's T-shirts
Jungle Green Kenyan Animal Print T-shirt,1300,40,Men's T-shirts
Yixin 3 PCS/Sets Tshirt T-shirt Men Wear Men Suit Men Coat Short Sleeve,1299,40,Men's T-shirts
Fashion Men Printed T-shirt Slim Fit,750,40,Men's T-shirts
Fashion Men T-shirts Tshirst Men Tops 3 PCS Clothes  Clothing,1099,40,Men's T-shirts
"Fashion Heavy Duty Plain T Shirt-Black,Grey,Maroon And White",2099,40,Men's T-shirts
"Fashion 2pcs Men's Fashion Printed T-Shirt+Pants Set, Basketball Tracksuit Set - Black",1380,40,Men's T-shirts
Fashion Men Printed T-shirt Slim Fit,550,40,Men's T-shirts
Defacto Man Oversize Fit Crew Neck Short Sleeve Knitted T-Shirt - Blue,944,40,Men's T-shirts
Defacto Man Core Regular Fit Crew Neck Knitted T-Shirt - White,808,40,Men's T-shirts
Fashion Men Muscle Hoodie Vest Sleeveless Pure Vests,679,40,Men's T-shirts
"Fashion Kenya Flag Logo , White Heavy  T-shirt",999,40,Men's T-shirts
Fashion Mens Shirts Vintage Casual Button-down T-shirts - Short Sleeve,812,40,Men's T-shirts
Fashion 3 In 1 Men's T-Shirt Short Hello Africa Sleeve Shorts Set With Chain White,930,40,Men's T-shirts
"Fashion Heavy Duty Plain T Shirt-White, Black And Grey",1749,40,Men's T-shirts
"Fashion Beautiful Kenya Logo,black Heavy  T-shirt",999,40,Men's T-shirts
Fashion 4 In 1 Men's V-Neck Cotton T-Shirts Short Sleeve,1750,40,Men's T-shirts
"Fashion Heavy Duty Plain T Shirt-Maroon,White, Navy Blue And Black",2249,40,Men's T-shirts
Fashion T-shirt 4-in-1 Men's Shirts Short Sleeve 100% High Quality Free 3-in-1 Socks,1766,40,Men's T-shirts
Arizona 3-in-1 Men's Shirts Short Sleeve T-shirt-Plain,1300,40,Men's T-shirts
Fashion Men's Fashion T-shirt Sweat-absorbent And Breathable Cool Material-Red,599,40,Men's T-shirts
VICTAN 3 PCS Standard Vest For Men Cotton (3 Vests),749,40,Men's T-shirts
Fashion Jungle Green Plain T-shirt,850,40,Men's T-shirts
Fashion T-shirt 4-in-1 Men's Shirts Short Sleeve 100% High Quality Free 3-in-1 Socks,1964,40,Men's T-shirts
